[
  {
    "id": "4bf2fddf-195e-4b3a-a8fd-f8139a6d1193",
    "data": [
      {
        "text": "update my calendar",
        "userDefined": false
      }
    ],
    "isTemplate": false,
    "count": 0,
    "updated": 0
  },
  {
    "id": "6bafb59f-1e93-4971-b0d3-aa8d37df6ee0",
    "data": [
      {
        "text": "put appointments in my calendar",
        "userDefined": false
      }
    ],
    "isTemplate": false,
    "count": 0,
    "updated": 0
  },
  {
    "id": "3517c134-ad48-4ec5-beae-a719b05c0426",
    "data": [
      {
        "text": "manage my calendar",
        "userDefined": false
      }
    ],
    "isTemplate": false,
    "count": 0,
    "updated": 0
  },
  {
    "id": "9805be46-afd9-426b-94d3-abedde9298fc",
    "data": [
      {
        "text": "handle my calendar",
        "userDefined": false
      }
    ],
    "isTemplate": false,
    "count": 0,
    "updated": 0
  }
]