[
  {
    "id": "f678cafc-91bb-4f4c-b3cd-cbd5c6effb1b",
    "data": [
      {
        "text": "I want to book appointments",
        "userDefined": false
      }
    ],
    "isTemplate": false,
    "count": 0,
    "updated": 0
  },
  {
    "id": "c35a7d91-b2d4-4b8a-8b58-4c9380260586",
    "data": [
      {
        "text": "I need to make doctor appointments for pregnancy checkup",
        "userDefined": false
      }
    ],
    "isTemplate": false,
    "count": 0,
    "updated": 0
  },
  {
    "id": "2296cf5c-ebb7-4eca-a715-8ad8a8669177",
    "data": [
      {
        "text": "make appointments based on ",
        "userDefined": false
      },
      {
        "text": "yesterday",
        "alias": "lmp_date",
        "meta": "@sys.date",
        "userDefined": true
      },
      {
        "text": " as LMP",
        "userDefined": false
      }
    ],
    "isTemplate": false,
    "count": 0,
    "updated": 0
  },
  {
    "id": "a63359d3-c15e-4517-8d09-d3e161bb83c3",
    "data": [
      {
        "text": "please book appointments with the phone number ",
        "userDefined": false
      },
      {
        "text": "12345678",
        "alias": "phone_number",
        "meta": "@sys.phone-number",
        "userDefined": false
      }
    ],
    "isTemplate": false,
    "count": 0,
    "updated": 0
  },
  {
    "id": "c4f36842-8dec-4b79-a071-35293686453e",
    "data": [
      {
        "text": "I want to book doctor appointments on the name ",
        "userDefined": false
      },
      {
        "text": "Preethi",
        "alias": "patient_name",
        "meta": "@sys.given-name",
        "userDefined": true
      }
    ],
    "isTemplate": false,
    "count": 0,
    "updated": 0
  }
]