[
  {
    "id": "fab80d70-209b-47ba-8708-ccdbe500aa47",
    "data": [
      {
        "text": "cancel my appointment associated with the phone number ",
        "userDefined": false
      },
      {
        "text": "12345678",
        "alias": "phone_number",
        "meta": "@sys.phone-number",
        "userDefined": false
      }
    ],
    "isTemplate": false,
    "count": 0,
    "updated": 0
  },
  {
    "id": "7f742d13-83d1-429d-80c2-2e340b08bcc7",
    "data": [
      {
        "text": "Can you cancel ",
        "userDefined": false
      },
      {
        "text": "tomorrow",
        "alias": "from_date",
        "meta": "@sys.date",
        "userDefined": false
      },
      {
        "text": "\u0027s appointment?",
        "userDefined": false
      }
    ],
    "isTemplate": false,
    "count": 0,
    "updated": 0
  },
  {
    "id": "33a15a5e-84bc-4c71-9cb3-22b2ef788199",
    "data": [
      {
        "text": "I want to cancel the appointment ",
        "userDefined": false
      },
      {
        "text": "on october 30th",
        "alias": "from_date",
        "meta": "@sys.date",
        "userDefined": false
      }
    ],
    "isTemplate": false,
    "count": 0,
    "updated": 0
  },
  {
    "id": "4456c163-d14d-4fc2-aa67-4f7d0b59da3a",
    "data": [
      {
        "text": "cancel ",
        "userDefined": false
      },
      {
        "text": "tomorrow",
        "alias": "from_date",
        "meta": "@sys.date",
        "userDefined": false
      },
      {
        "text": "\u0027s appointment",
        "userDefined": false
      }
    ],
    "isTemplate": false,
    "count": 0,
    "updated": 0
  }
]