[
  {
    "id": "79352dc3-26b4-479e-8411-654559a44764",
    "data": [
      {
        "text": "tomorrow",
        "alias": "to_date",
        "meta": "@sys.date",
        "userDefined": false
      }
    ],
    "isTemplate": false,
    "count": 0,
    "updated": 0
  },
  {
    "id": "c417a476-1aea-42eb-a614-e2227c3b852b",
    "data": [
      {
        "text": "can you book ",
        "userDefined": false
      },
      {
        "text": "on october 30",
        "alias": "to_date",
        "meta": "@sys.date",
        "userDefined": false
      }
    ],
    "isTemplate": false,
    "count": 0,
    "updated": 0
  },
  {
    "id": "1b0792f9-3094-4dfb-a1fc-83d597d204c5",
    "data": [
      {
        "text": "change to ",
        "userDefined": false
      },
      {
        "text": "tomorrow",
        "alias": "to_date",
        "meta": "@sys.date",
        "userDefined": false
      },
      {
        "text": " ",
        "userDefined": false
      },
      {
        "text": "9 a.m",
        "alias": "preferred_time",
        "meta": "@sys.time",
        "userDefined": true
      }
    ],
    "isTemplate": false,
    "count": 0,
    "updated": 0
  }
]