[
  {
    "id": "c15abf91-4642-43f2-a7b6-d1a780ef02be",
    "data": [
      {
        "text": "reschedule my doctor appointment",
        "userDefined": false
      }
    ],
    "isTemplate": false,
    "count": 0,
    "updated": 0
  },
  {
    "id": "8e4bf9bf-c9c0-466a-b9fc-a8855fe0381b",
    "data": [
      {
        "text": "reschedule my checkup",
        "userDefined": false
      }
    ],
    "isTemplate": false,
    "count": 0,
    "updated": 0
  },
  {
    "id": "ef38e2f5-76c2-4a5b-ace5-e3a58624cec3",
    "data": [
      {
        "text": "change my appointment associated with the phone number ",
        "userDefined": false
      },
      {
        "text": "12345678",
        "alias": "phone_number",
        "meta": "@sys.phone-number",
        "userDefined": false
      }
    ],
    "isTemplate": false,
    "count": 0,
    "updated": 0
  },
  {
    "id": "88ee236f-82f7-467b-90fe-34075c7ca7e8",
    "data": [
      {
        "text": "change ",
        "userDefined": false
      },
      {
        "text": "tomorrow",
        "alias": "from_date",
        "meta": "@sys.date",
        "userDefined": false
      },
      {
        "text": "\u0027s appointment",
        "userDefined": false
      }
    ],
    "isTemplate": false,
    "count": 0,
    "updated": 0
  },
  {
    "id": "ff9b1532-75aa-4765-949f-ef125d8b2d40",
    "data": [
      {
        "text": "Can you modify my appointment for ",
        "userDefined": false
      },
      {
        "text": "today",
        "alias": "from_date",
        "meta": "@sys.date",
        "userDefined": true
      }
    ],
    "isTemplate": false,
    "count": 0,
    "updated": 0
  },
  {
    "id": "2ffeca48-87be-4ab8-ab80-f10934ebe70c",
    "data": [
      {
        "text": "I would like to change ",
        "userDefined": false
      },
      {
        "text": "tomorrow",
        "alias": "from_date",
        "meta": "@sys.date",
        "userDefined": true
      },
      {
        "text": "\u0027s appointment",
        "userDefined": false
      }
    ],
    "isTemplate": false,
    "count": 0,
    "updated": 0
  },
  {
    "id": "4ef2d5c6-195d-4449-94b4-1d32eba89815",
    "data": [
      {
        "text": "I want to change my appointment on ",
        "userDefined": false
      },
      {
        "text": "today",
        "alias": "from_date",
        "meta": "@sys.date",
        "userDefined": true
      }
    ],
    "isTemplate": false,
    "count": 0,
    "updated": 0
  }
]