[
  {
    "id": "336f3b05-d65f-499c-9964-f2314a474a29",
    "data": [
      {
        "text": "Joe Stephie",
        "alias": "doctor_name",
        "meta": "@sys.person",
        "userDefined": true
      }
    ],
    "isTemplate": false,
    "count": 0,
    "updated": 0
  },
  {
    "id": "29a58302-9326-4f2c-999e-5d0114ce8f63",
    "data": [
      {
        "text": "Padmini Ramesh",
        "alias": "doctor_name",
        "meta": "@sys.person",
        "userDefined": true
      }
    ],
    "isTemplate": false,
    "count": 0,
    "updated": 0
  },
  {
    "id": "af1adb89-fdb0-4428-9d3b-a087d0c2aa03",
    "data": [
      {
        "text": "8 p.m",
        "alias": "preferred_time",
        "meta": "@sys.time",
        "userDefined": false
      }
    ],
    "isTemplate": false,
    "count": 0,
    "updated": 0
  }
]