[
  {
    "id": "1e36a798-0225-4296-bded-e352729282f6",
    "data": [
      {
        "text": "do I have any future appointments",
        "userDefined": false
      }
    ],
    "isTemplate": false,
    "count": 0,
    "updated": 0
  },
  {
    "id": "a5456ec2-242e-4248-9571-f79f838422f3",
    "data": [
      {
        "text": "what are my future appointments",
        "userDefined": false
      }
    ],
    "isTemplate": false,
    "count": 0,
    "updated": 0
  },
  {
    "id": "ce941219-4bc1-48ee-afcb-5f27ad8e11c7",
    "data": [
      {
        "text": "get me the upcoming appointments",
        "userDefined": false
      }
    ],
    "isTemplate": false,
    "count": 0,
    "updated": 0
  }
]