[
  {
    "id": "a256b78e-570b-4115-8015-6d04c071777a",
    "data": [
      {
        "text": "get me the appointment status",
        "userDefined": false
      }
    ],
    "isTemplate": false,
    "count": 0,
    "updated": 0
  },
  {
    "id": "2ad646e2-b5dd-45cc-ac47-7426500e9e71",
    "data": [
      {
        "text": "what is the appointment status",
        "userDefined": false
      }
    ],
    "isTemplate": false,
    "count": 0,
    "updated": 0
  },
  {
    "id": "8ca526cc-79e5-4c7e-8ba7-af8c2d0946c0",
    "data": [
      {
        "text": "are my appointments successful?",
        "userDefined": false
      }
    ],
    "isTemplate": false,
    "count": 0,
    "updated": 0
  },
  {
    "id": "4940c204-beba-4a48-a1be-36eb1cf4e2ad",
    "data": [
      {
        "text": "please tell me the appointment ",
        "userDefined": false
      },
      {
        "text": "status",
        "meta": "@sys.ignore",
        "userDefined": false
      }
    ],
    "isTemplate": false,
    "count": 0,
    "updated": 0
  }
]